tweet_id,retweet_count,favorite_count
666020888022790149,474,2467
666029285002620928,44,121
666033412701032449,43,118
666044226329800704,134,279
666049248165822465,41,99
666050758794694657,55,126
666051853826850816,796,1156
666055525042405380,224,414
666057090499244032,129,274
666058600524156928,55,107
666063827256086533,201,452
666071193221509120,54,137
666073100786774016,148,304
666082916733198337,42,105
666094000022159362,68,156
666099513787052032,63,143
666102155909144576,11,73
666104133288665088,6096,13679
666268910803644416,32,96
666273097616637952,74,162
666287406224695296,62,139
666293911632134144,326,471
666337882303524864,85,184
666345417576210432,129,280
666353288456101888,71,207
666362758909284353,530,741
666373753744588802,86,176
666396247373291520,80,160
666407126856765440,34,100
666411507551481857,312,422
666418789513326592,43,114
666421158376562688,107,305
666428276349472768,78,157
666430724426358785,180,302
666435652385423360,50,157
666437273139982337,42,118
666447344410484738,18,98
666454714377183233,203,500
666644823164719104,77,224
666649482315059201,596,1085
666691418707132416,45,182
666701168228331520,210,416
666739327293083650,62,226
666776908487630848,167,336
666781792255496192,183,371
666786068205871104,470,732
666804364988780544,86,226
666817836334096384,241,496
666826780179869698,92,244
666835007768551424,77,203
666837028449972224,535,788
666983947667116034,944,2473
666996132027977728,86,235
667012601033924608,215,437
667044094246576128,48,179
667062181243039745,51,212
667065535570550784,42,160
667070482143944705,14,82
667073648344346624,115,389
667090893657276420,119,325
667119796878725120,124,320
667138269671505920,2122,4479
667152164079423490,16405,46444
667160273090932737,60,250
667165590075940865,1100,2620
667171260800061440,82,215
667174963120574464,77,236
667176164155375616,445,592
667177989038297088,53,185
667182792070062081,5978,13976
667188689915760640,392,726
667192066997374976,98,375
667200525029539841,255,599
667211855547486208,233,476
667369227918143488,156,354
667393430834667520,52,190
667405339315146752,215,454
667435689202614272,82,299
667437278097252352,227,440
667443425659232256,559,760
667453023279554560,85,301
667455448082227200,57,186
667470559035432960,94,249
667491009379606528,218,520
667495797102141441,259,505
667502640335572993,213,526
667509364010450944,2060,6624
667517642048163840,185,361
667524857454854144,1078,1652
667530908589760512,228,453
667534815156183040,507,804
667538891197542400,63,197
667544320556335104,508,844
667546741521195010,119,330
667549055577362432,2204,5651
667550882905632768,32,0
667550904950915073,34,0
667724302356258817,311,468
667728196545200128,145,370
667766675769573376,208,432
667773195014021121,54,231
667782464991965184,240,402
667793409583771648,320,685
667801013445750784,94,322
667806454573760512,479,1036
667832474953625600,60,288
667861340749471744,74,234
667866724293877760,1002,2952
667873844930215936,392,616
667878741721415682,114,382
667885044254572545,466,799
667886921285246976,1048,1842
667902449697558528,369,835
667911425562669056,293,480
667915453470232577,54,203
667924896115245057,108,293
667937095915278337,768,1230
668113020489474048,232,655
668142349051129856,275,564
668154635664932864,299,481
668171859951755264,189,474
668190681446379520,192,640
668204964695683073,189,548
668221241640230912,192,503
668226093875376128,101,293
668237644992782336,2776,6065
668248472370458624,471,958
668256321989451776,591,1273
668268907921326080,230,545
668274247790391296,226,807
668286279830867968,133,495
668291999406125056,29,236
668297328638447616,293,611
668466899341221888,500,871
668480044826800133,142,446
668484198282485761,230,417
668496999348633600,127,403
668507509523615744,101,318
668528771708952576,218,451
668537837512433665,70,246
668542336805281792,210,445
668544745690562560,216,503
668567822092664832,51,238
668587383441514497,1049,1649
668614819948453888,311,606
668620235289837568,39,195
668623201287675904,744,1399
668625577880875008,127,379
668627278264475648,110,310
668631377374486528,309,698
668633411083464705,1585,2750
668636665813057536,481,1026
668641109086707712,527,1051
668643542311546881,520,862
668645506898350081,516,870
668655139528511488,215,519
668779399630725120,366,695
668815180734689280,261,561
668826086256599040,132,428
668852170888998912,161,446
668872652652679168,294,516
668892474547511297,146,391
668902994700836864,98,314
668932921458302977,56,258
668955713004314625,69,273
668960084974809088,233,691
668967877119254528,22,145
668975677807423489,566,1281
668979806671884288,339,779
668981893510119424,299,528
668986018524233728,163,543
668988183816871936,455,884
668989615043424256,322,668
668992363537309700,336,730
668994913074286592,224,433
669000397445533696,6229,20506
669006782128353280,241,567
669015743032369152,367,731
669037058363662336,305,642
669203728096960512,463,988
669214165781868544,160,429
669216679721873412,398,1178
669324657376567296,202,493
669327207240699904,114,566
669328503091937280,410,1003
669351434509529089,177,428
669353438988365824,257,623
669354382627049472,1253,2654
669359674819481600,119,365
669363888236994561,220,610
669367896104181761,148,453
669371483794317312,175,488
669375718304980992,713,1311
669393256313184256,74,357
669564461267722241,120,377
669567591774625800,54,230
669571471778410496,994,1569
669573570759163904,136,428
669583744538451968,909,1473
669597912108789760,148,506
669603084620980224,355,934
669625907762618368,1785,3473
669661792646373376,423,792
669680153564442624,279,653
669682095984410625,130,346
669683899023405056,109,382
669684865554620416,88,506
669749430875258880,65,259
669753178989142016,388,798
669923323644657664,53,229
669926384437997569,98,367
669942763794931712,157,496
669970042633789440,58,301
669972011175813120,154,439
669993076832759809,82,319
670003130994700288,91,327
670037189829525505,266,581
670040295598354432,110,745
670046952931721218,167,636
670055038660800512,324,655
670061506722140161,328,748
670069087419133954,230,613
670073503555706880,767,1552
670079681849372674,1195,2187
670086499208155136,245,687
670093938074779648,326,1003
670290420111441920,277,691
670303360680108032,128,424
670319130621435904,1200,3813
670338931251150849,106,416
670361874861563904,64,324
670374371102445568,264,741
670385711116361728,201,550
670403879788544000,151,423
670408998013820928,217,549
670411370698022913,872,1993
670417414769758208,313,559
670420569653809152,306,615
670421925039075328,615,1282
670427002554466305,156,515
670428280563085312,606,1356
670433248821026816,109,322
670434127938719744,629,1374
670435821946826752,505,1035
670442337873600512,193,632
670444955656130560,1944,6613
670449342516494336,637,1176
670452855871037440,201,540
670465786746662913,537,949
670468609693655041,84,349
670474236058800128,723,1485
670668383499735048,4915,10510
670676092097810432,40,243
670679630144274432,275,738
670691627984359425,238,584
670704688707301377,362,761
670717338665226240,483,1184
670727704916926465,350,814
670733412878163972,501,944
670755717859713024,108,432
670764103623966721,410,1052
670778058496974848,71,324
670780561024270336,283,775
670782429121134593,754,1533
670783437142401025,379,806
670786190031921152,197,595
670789397210615808,235,651
670792680469889025,270,812
670797304698376195,233,725
670803562457407488,86,337
670804601705242624,935,1927
670807719151067136,483,1141
670811965569282048,266,1108
670815497391357952,1506,3121
670822709593571328,92,598
670823764196741120,182,762
670826280409919488,3971,5437
670832455012716544,210,721
670833812859932673,119,435
670838202509447168,678,1087
670840546554966016,189,579
670842764863651840,8512,24218
670995969505435648,287,1089
671109016219725825,429,1119
671115716440031232,758,1351
671122204919246848,2470,3436
671134062904504320,188,735
671138694582165504,393,908
671141549288370177,643,1138
671147085991960577,213,654
671151324042559489,151,658
671154572044468225,214,702
671159727754231808,79,364
671163268581498880,1073,1637
671166507850801152,341,859
671182547775299584,335,1102
671186162933985280,206,726
671347597085433856,420,943
671355857343524864,114,476
671357843010908160,147,395
671362598324076544,291,1087
671390180817915904,733,1423
671485057807351808,227,751
671486386088865792,193,572
671488513339211776,463,994
671497587707535361,438,899
671504605491109889,3490,6894
671511350426865664,697,1583
671518598289059840,289,936
671520732782923777,521,1380
671528761649688577,259,834
671533943490011136,567,1009
671536543010570240,395,1156
671538301157904385,386,920
671542985629241344,552,1076
671544874165002241,1028,1941
671547767500775424,581,1327
671550332464455680,204,894
671561002136281088,7090,12593
671729906628341761,4264,8361
671735591348891648,740,1419
671743150407421952,233,736
671744970634719232,748,1335
671763349865160704,896,1644
671768281401958400,494,1176
671789708968640512,3413,6950
671855973984772097,431,886
671866342182637568,483,1098
671874878652489728,543,1225
671879137494245376,658,1392
671882082306625538,1356,3408
671891728106971137,563,1308
671896809300709376,4082,8371
672068090318987265,507,1269
672082170312290304,356,929
672095186491711488,363,989
672125275208069120,1121,2353
672139350159835138,683,1716
672160042234327040,351,860
672169685991993344,363,1002
672205392827572224,1128,2225
672222792075620352,208,770
672231046314901505,985,1798
672239279297454080,318,880
672245253877968896,155,674
672248013293752320,594,1703
672254177670729728,724,1412
672256522047614977,1515,2771
672264251789176834,331,1122
672267570918129665,604,1477
672272411274932228,3303,6377
672466075045466113,527,1336
672475084225949696,689,1414
672481316919734272,124,710
672482722825261057,588,1114
672488522314567680,430,1094
672523490734551040,165,624
672538107540070400,358,1017
672591271085670400,179,708
672591762242805761,330,936
672594978741354496,601,1313
672604026190569472,392,1098
672609152938721280,380,1098
672614745925664768,566,1207
672622327801233409,483,1280
672640509974827008,314,965
672828477930868736,484,1235
672834301050937345,553,1299
672877615439593473,355,1015
672884426393653248,824,1521
672898206762672129,421,892
672902681409806336,495,1346
672964561327235073,629,1401
672968025906282496,532,1301
672970152493887488,352,933
672975131468300288,893,1652
672980819271634944,985,1799
672984142909456390,536,1245
672988786805112832,288,972
672995267319328768,285,937
672997845381865473,709,1942
673148804208660480,616,1669
673213039743795200,830,2212
673240798075449344,717,1404
673270968295534593,360,1052
673295268553605120,3118,7413
673317986296586240,253,863
673320132811366400,7769,13295
673342308415348736,570,1255
673343217010679808,267,955
673345638550134785,1241,2472
673350198937153538,208,737
673352124999274496,530,1638
673355879178194945,565,1474
673359818736984064,661,1430
673363615379013632,301,1006
673576835670777856,553,1368
673580926094458881,268,821
673583129559498752,356,1174
673612854080196609,714,1583
673636718965334016,354,1089
673656262056419329,236,709
673662677122719744,359,1239
673680198160809984,461,1352
673686845050527744,433,1419
673688752737402881,486,1245
673689733134946305,641,1714
673697980713705472,1916,3745
673700254269775872,557,1420
673705679337693185,399,1241
673707060090052608,385,1089
673708611235921920,281,1070
673709992831262724,272,835
673711475735838725,297,1027
673715861853720576,2034,3503
673716320723169284,733,3047
673887867907739649,251,925
673906403526995968,1614,3154
673919437611909120,368,1152
673956914389192708,942,1925
674008982932058114,345,1183
674014384960745472,629,1544
674019345211760640,299,1117
674024893172875264,1203,1765
674036086168010753,206,839
674038233588723717,410,1089
674042553264685056,127,714
674045139690631169,633,1403
674051556661161984,483,1428
674053186244734976,1282,3289
674063288070742018,2176,6302
674075285688614912,282,976
674082852460433408,167,750
674255168825880576,546,1448
674262580978937856,450,1293
674265582246694913,844,1631
674269164442398721,225,899
674271431610523648,729,1550
674291837063053312,5805,14578
674307341513269249,6877,11225
674318007229923329,513,1398
674330906434379776,72,556
674372068062928900,314,840
674394782723014656,567,1492
674410619106390016,458,1189
674416750885273600,140,675
674422304705744896,533,1424
674436901579923456,392,1102
674447403907457024,353,1052
674468880899788800,2014,6174
674606911342424069,96,933
674632714662858753,568,1487
674638615994089473,572,1667
674644256330530816,265,1016
674646392044941312,489,1423
674664755118911488,251,906
674670581682434048,641,1590
674690135443775488,465,1136
674737130913071104,91,639
674739953134403584,384,1094
674742531037511680,50,486
674743008475090944,547,1390
674752233200820224,460,1447
674754018082705410,446,1356
674764817387900928,235,783
674767892831932416,782,1812
674774481756377088,468,1104
674781762103414784,1190,1985
674788554665512960,207,811
674790488185167872,247,1093
674793399141146624,1077,2492
674800520222154752,854,3001
674805413498527744,351,854
674999807681908736,1094,2231
675003128568291329,464,1551
675006312288268288,224,978
675015141583413248,1179,2698
675047298674663426,323,1052
675109292475830276,1126,2775
675111688094527488,251,959
675113801096802304,777,1944
675135153782571009,485,1287
675145476954566656,896,2117
675146535592706048,301,1179
675147105808306176,233,937
675149409102012420,1671,3707
675153376133427200,2568,6239
675166823650848770,1587,3583
675334060156301312,1277,2759
675349384339542016,2251,3896
675354435921575936,16791,32495
675362609739206656,230,1040
675372240448454658,511,1682
675432746517426176,561,1516
675483430902214656,978,1833
675489971617296384,595,1293
675497103322386432,1290,3132
675501075957489664,5802,17084
675517828909424640,462,1287
675522403582218240,288,1035
675531475945709568,381,1182
675534494439489536,414,1810
675706639471788032,96,640
675707330206547968,684,1971
675710890956750848,817,1887
675740360753160193,343,1164
675781562965868544,467,1623
675798442703122432,3392,10240
675820929667219457,232,1047
675822767435051008,533,1514
675845657354215424,874,2269
675849018447167488,144,935
675853064436391936,1291,2681
675870721063669760,568,1633
675878199931371520,1397,4174
675888385639251968,955,2375
675891555769696257,855,2129
675898130735476737,569,1616
676089483918516224,436,1314
676098748976615425,1423,3006
676101918813499392,1158,2814
676121918416756736,1157,2161
676146341966438401,659,1912
676191832485810177,1039,2280
676215927814406144,580,1742
676219687039057920,30999,75790
676237365392908289,288,1220
676263575653122048,550,2076
676430933382295552,347,1396
676440007570247681,668,1723
676470639084101634,4669,11617
676496375194980353,532,1517
676533798876651520,553,1878
676575501977128964,1115,2589
676582956622721024,279,1201
676588346097852417,789,2319
676590572941893632,124,916
676593408224403456,2166,4582
676603393314578432,382,1158
676606785097199616,439,1884
676613908052996102,199,1084
676617503762681856,968,2901
676776431406465024,2029,5010
676811746707918848,423,1420
676819651066732545,667,1815
676821958043033607,15650,23095
676864501615042560,712,2105
676897532954456065,720,2250
676916996760600576,1806,2986
676936541936185344,4930,12750
676942428000112642,752,2080
676946864479084545,371,1732
676948236477857792,864,2178
676949632774234114,394,1313
676957860086095872,810,2240
676975532580409345,1075,2793
677187300187611136,925,2759
677228873407442944,1648,3559
677269281705472000,709,2003
677301033169788928,406,1242
677314812125323265,533,1651
677328882937298944,1511,3654
677331501395156992,237,1096
677334615166730240,285,1354
677335745548390400,1793,3055
677530072887205888,231,1071
677547928504967168,3692,6969
677557565589463040,1160,2452
677565715327688705,465,1305
677573743309385728,716,2140
677644091929329666,802,1871
677662372920729601,959,1953
677673981332312066,1511,3346
677687604918272002,851,2497
677698403548192770,322,1237
677700003327029250,1452,3409
677716515794329600,980,3083
677895101218201600,2099,4875
677918531514703872,414,1355
677961670166224897,1693,3442
678021115718029313,6382,13828
678023323247357953,388,1944
678255464182861824,367,1602
678278586130948096,6116,11518
678334497360859136,258,1315
678341075375947776,540,1745
678380236862578688,919,2469
678389028614488064,431,1888
678396796259975168,418,1611
678399652199309312,32079,79959
678410210315247616,1833,4258
678424312106393600,2574,5537
678446151570427904,1563,4037
678643457146150913,418,2066
678675843183484930,1485,2893
678708137298427904,2445,5645
678740035362037760,1693,3791
678755239630127104,3322,7192
678764513869611008,480,1651
678767140346941444,1371,3577
678774928607469569,916,2836
678798276842360832,1175,3482
678800283649069056,906,2613
678969228704284672,466,1663
678991772295516161,1183,2336
679001094530465792,1237,2856
679047485189439488,675,2269
679062614270468097,8226,17183
679111216690831360,2595,6032
679132435750195208,1167,2998
679148763231985668,1043,2806
679158373988876288,8148,21626
679405845277462528,1218,2401
679462823135686656,19069,32093
679475951516934144,647,2118
679503373272485890,1492,3194
679511351870550016,1281,3413
679527802031484928,729,2676
679530280114372609,2105,4843
679722016581222400,472,1676
679729593985699840,838,2187
679736210798047232,808,2124
679777920601223168,1119,3126
679828447187857408,14213,36767
679844490799091713,774,2398
679854723806179328,1249,2900
679862121895714818,630,2485
679872969355714560,672,2209
679877062409191424,657,2003
680070545539371008,892,2623
680085611152338944,9101,12979
680100725817409536,1396,3622
680115823365742593,919,2750
680130881361686529,960,2320
680145970311643136,1765,3663
680161097740095489,747,2358
680176173301628928,1573,3945
680191257256136705,507,2178
680206703334408192,1193,2876
680221482581123072,297,1480
680440374763077632,504,1465
680473011644985345,751,2582
680494726643068929,489,1750
680497766108381184,1946,4292
680583894916304897,1366,3679
680609293079592961,717,2678
680798457301471234,1048,2885
680801747103793152,826,2406
680805554198020098,674,2181
680836378243002368,1345,3520
680889648562991104,367,1789
680913438424612864,631,2442
680934982542561280,441,2110
680940246314430465,1064,3249
680959110691590145,2034,4639
680970795137544192,670,2462
681193455364796417,1505,3756
681231109724700672,496,2449
681242418453299201,542,1508
681261549936340994,278,1480
681281657291280384,1116,3274
681297372102656000,970,3266
681302363064414209,1846,4000
681320187870711809,755,2677
681339448655802368,4151,9459
681340665377193984,285,1663
681523177663676416,5859,14538
681579835668455424,1319,3617
681610798867845120,477,1942
681654059175129088,937,2679
681679526984871937,451,1799
681694085539872773,4136,12989
681891461017812993,832,2503
681981167097122816,1048,2854
682003177596559360,1554,3187
682032003584274432,2044,6696
682047327939461121,959,3244
682059653698686977,1713,5023
682088079302213632,10046,18576
682242692827447297,1185,3311
682259524040966145,1229,4227
682303737705140231,996,3102
682389078323662849,470,1689
682393905736888321,686,2271
682406705142087680,1796,7711
682429480204398592,1176,3485
682638830361513985,610,2101
682662431982772225,1096,3114
682697186228989953,363,1329
682750546109968385,445,1537
682788441537560576,1125,2517
682808988178739200,172,1813
682962037429899265,16897,37493
683030066213818368,747,2189
683078886620553216,572,2019
683098815881154561,670,2202
683111407806746624,927,3454
683142553609318400,1060,2923
683357973142474752,942,2977
683391852557561860,2432,7776
683449695444799489,1624,3958
683462770029932544,682,2468
683481228088049664,1010,2689
683498322573824003,976,3224
683515932363329536,2948,7475
683742671509258241,3371,6592
683773439333797890,1378,3401
683828599284170753,1085,2843
683834909291606017,1129,2668
683849932751646720,986,2651
683852578183077888,351,1961
683857920510050305,1139,3858
684097758874210310,1453,4192
684122891630342144,476,2044
684147889187209216,1531,3036
684177701129875456,673,2050
684188786104872960,1195,3547
684195085588783105,519,1949
684200372118904832,1053,2195
684222868335505415,1396,3887
684225744407494656,212,1251
684241637099323392,3352,8308
684460069371654144,568,2008
684481074559381504,1190,3948
684538444857667585,969,2693
684567543613382656,1246,3078
684588130326986752,1437,4185
684594889858887680,3582,9065
684800227459624960,1020,2769
684830982659280897,22017,35660
684880619965411328,832,2142
684902183876321280,537,1911
684914660081053696,1478,3573
684926975086034944,468,3557
684940049151070208,1064,3271
684959798585110529,3187,6929
684969860808454144,378,2419
685169283572338688,1442,4185
685198997565345792,677,2382
685268753634967552,1217,3160
685307451701334016,452,2110
685315239903100929,1077,3408
685321586178670592,655,2700
685325112850124800,4035,9622
685532292383666176,1182,3085
685547936038666240,15944,33549
685641971164143616,794,2986
685663452032069632,1483,3309
685667379192414208,584,2395
685681090388975616,129,2070
685906723014619143,2951,7652
685943807276412928,604,1658
685973236358713344,533,2140
686003207160610816,646,1856
686007916130873345,424,2530
686034024800862208,1175,3164
686035780142297088,121,1172
686050296934563840,736,2244
686286779679375361,1687,4064
686358356425093120,681,2220
686377065986265092,579,2240
686386521809772549,894,3312
686394059078897668,695,1769
686606069955735556,553,1929
686618349602762752,1389,3763
686683045143953408,819,2869
686730991906516992,1220,4212
686749460672679938,1477,3539
686760001961103360,1410,3576
686947101016735744,3245,8774
687096057537363968,612,2284
687102708889812993,997,2382
687109925361856513,2500,5904
687124485711986689,512,2202
687127927494963200,2325,5539
687312378585812992,1935,4433
687317306314240000,9331,20488
687399393394311168,632,1929
687460506001633280,550,2089
687476254459715584,543,2022
687480748861947905,246,1626
687494652870668288,583,1933
687664829264453632,514,1976
687704180304273409,854,2471
687732144991551489,676,1794
687807801670897665,724,2432
687818504314159109,964,2533
687826841265172480,1139,2779
687841446767013888,2563,5568
688064179421470721,365,1756
688116655151435777,793,2875
688179443353796608,590,2167
688211956440801280,847,2272
688385280030670848,4541,9453
688519176466644993,734,2356
688547210804498433,712,2652
688789766343622656,670,2259
688804835492233216,193,976
688828561667567616,377,1400
688894073864884227,706,2277
688898160958271489,792,2134
688908934925697024,784,2152
688916208532455424,889,2771
689143371370250240,521,2043
689154315265683456,1014,3126
689255633275777024,1101,2602
689275259254616065,244,1169
689280876073582592,723,2020
689283819090870273,1126,3333
689289219123089408,959,2289
689517482558820352,1458,3463
689557536375177216,465,2079
689599056876867584,5622,11833
689623661272240129,645,2262
689659372465688576,3946,10543
689661964914655233,938,3264
689835978131935233,756,2193
689877686181715968,1194,3083
689905486972461056,704,2472
689977555533848577,457,1390
689993469801164801,458,1483
689999384604450816,375,1452
690005060500217858,1712,3717
690015576308211712,743,2546
690021994562220032,1044,2841
690248561355657216,422,1702
690348396616552449,525,1536
690360449368465409,903,2704
690374419777196032,863,3303
690400367696297985,459,1912
690597161306841088,616,1998
690607260360429569,17,296
690649993829576704,285,1329
690690673629138944,822,2363
690728923253055490,526,2213
690735892932222976,1294,3848
690932576555528194,1044,3346
690938899477221376,2005,4180
690959652130045952,1273,3649
690989312272396288,2917,5984
691090071332753408,340,1743
691096613310316544,893,3009
691321916024623104,671,2613
691416866452082688,7765,19642
691444869282295808,859,2696
691459709405118465,1158,4116
691483041324204033,575,2414
691675652215414786,520,1986
691756958957883396,1026,2915
691793053716221953,4295,8281
691820333922455552,1686,4019
692017291282812928,977,2924
692041934689402880,1290,3454
692142790915014657,399,1672
692158366030913536,798,2177
692187005137076224,835,2570
692417313023332352,3525,9501
692423280028966913,231,1507
692530551048294401,420,1866
692535307825213440,1385,3230
692568918515392513,1568,4428
692752401762250755,3693,6935
692828166163931137,894,2919
692894228850999298,820,2310
692901601640583168,610,1796
692905862751522816,885,2473
692919143163629568,763,2713
693095443459342336,473,1886
693109034023534592,627,1740
693155686491000832,3263,8004
693231807727280129,748,2912
693262851218264065,508,2260
693267061318012928,825,2426
693280720173801472,1254,3410
693486665285931008,645,1807
693582294167244802,259,1680
693590843962331137,1984,5140
693622659251335168,378,1561
693629975228977152,805,2480
693642232151285760,416,2576
693644216740769793,126,1369
693647888581312512,601,2738
693942351086120961,375,1769
693993230313091072,405,1902
694001791655137281,1043,3461
694183373896572928,943,2998
694206574471057408,2066,4239
694329668942569472,510,2034
694342028726001664,487,1594
694352839993344000,626,2068
694356675654983680,290,1527
694669722378485760,14624,36379
694905863685980160,950,2798
694925794720792577,932,2745
695051054296211456,793,2700
695064344191721472,595,1625
695074328191332352,1117,2893
695095422348574720,627,2673
695314793360662529,1476,3694
695409464418041856,3637,8803
695446424020918272,1844,4468
695629776980148225,2136,4647
695767669421768709,761,1894
695794761660297217,790,3218
695816827381944320,1182,3061
696100768806522880,663,1965
696405997980676096,1170,3257
696488710901260288,1034,2579
696490539101908992,145,1233
696518437233913856,1731,3965
696713835009417216,662,2410
696744641916489729,953,2100
696754882863349760,366,1504
696877980375769088,718,2472
696886256886657024,1834,4944
696894894812565505,686,2378
696900204696625153,1035,3228
697242256848379904,681,2560
697255105972801536,1178,3078
697259378236399616,1020,3346
697270446429966336,1909,4763
697463031882764288,1415,3467
697482927769255936,684,2458
697516214579523584,1136,2096
697575480820686848,503,2070
697596423848730625,1279,3070
697616773278015490,1025,3214
697630435728322560,547,1785
697881462549430272,1203,3057
697943111201378304,693,2432
697990423684476929,1315,3352
697995514407682048,335,1546
698178924120031232,752,2854
698195409219559425,6076,17035
698262614669991936,2031,4837
698342080612007937,965,2297
698355670425473025,458,1900
698549713696649216,635,2366
698635131305795584,345,1311
698703483621523456,385,1468
698710712454139905,687,2513
698907974262222848,635,2583
698953797952008193,919,2742
698989035503689728,997,3426
699036661657767936,1215,2645
699060279947165696,1834,3825
699072405256409088,1213,3042
699079609774645248,667,2494
699088579889332224,644,2278
699323444782047232,875,3216
699370870310113280,448,1924
699413908797464576,630,2111
699423671849451520,331,1395
699434518667751424,521,2202
699446877801091073,2656,6055
699691744225525762,4693,10445
699775878809702401,609,1988
699779630832685056,1262,2805
699788877217865730,512,2269
699801817392291840,966,3112
700002074055016451,1361,3371
700029284593901568,597,2108
700062718104104960,701,2695
700143752053182464,2773,7655
700151421916807169,682,2271
700167517596164096,748,2674
700462010979500032,1820,4202
700505138482569216,585,2324
700518061187723268,807,2664
700747788515020802,9479,23247
700796979434098688,961,2482
700847567345688576,509,2502
700864154249383937,628,2640
700890391244103680,574,2252
701214700881756160,5201,12417
701545186879471618,619,2701
701570477911896070,937,2866
701601587219795968,460,2122
701805642395348998,1707,3474
701889187134500865,1411,3601
701952816642965504,1043,3896
701981390485725185,1004,3507
702217446468493312,1359,4874
702276748847800320,774,2508
702321140488925184,1056,3321
702332542343577600,1570,3243
702539513671897089,973,2930
702598099714314240,3497,12406
702671118226825216,568,2237
702684942141153280,1084,3278
702899151802126337,460,1632
702932127499816960,734,2636
703041949650034688,12690,26772
703079050210877440,3136,7515
703268521220972544,555,1999
703356393781329922,392,1947
703382836347330562,1155,3567
703407252292673536,705,2488
703425003149250560,1384,3853
703611486317502464,1549,3918
703631701117943808,690,2634
703769065844768768,1158,3331
703774238772166656,473,1868
704054845121142784,928,2972
704113298707505153,574,1877
704134088924532736,471,1529
704347321748819968,356,1604
704364645503647744,3611,8129
704480331685040129,1086,3448
704491224099647488,80,771
704499785726889984,1028,2977
704761120771465216,2949,6727
704819833553219584,1005,2687
704847917308362754,1557,5169
704859558691414016,549,2284
704871453724954624,1127,4337
705066031337840642,626,2213
705102439679201280,520,2181
705223444686888960,807,2616
705239209544720384,763,3056
705428427625635840,1712,3870
705442520700944385,1651,4503
705475953783398401,933,3001
705591895322394625,1167,3220
705786532653883392,525,1970
705898680587526145,562,2404
705970349788291072,905,3202
705975130514706432,739,3157
706153300320784384,387,1508
706166467411222528,1627,5244
706169069255446529,2252,3962
706265994973601792,946,2771
706291001778950144,480,1726
706310011488698368,8061,21689
706346369204748288,942,3505
706516534877929472,1045,3146
706538006853918722,1448,3512
706593038911545345,643,2190
706644897839910912,1109,2613
706681918348251136,988,3369
706901761596989440,604,2094
706904523814649856,7979,14802
707014260413456384,601,2336
707021089608753152,1388,4147
707038192327901184,801,2215
707059547140169728,685,2631
707297311098011648,796,2822
707315916783140866,650,2514
707377100785885184,1102,3323
707387676719185920,1306,3554
707411934438625280,605,2331
707420581654872064,707,2314
707610948723478529,6458,17236
707629649552134146,889,2614
707693576495472641,1013,3477
707738799544082433,2502,4156
707741517457260545,624,2526
707776935007539200,965,3332
707969809498152960,978,2751
707983188426153984,2,51
707995814724026368,1136,3178
708026248782585858,1949,4444
708109389455101952,555,1975
708119489313951744,994,2732
708130923141795840,858,3445
708149363256774660,1573,4342
708349470027751425,748,2387
708356463048204288,1335,3641
708400866336894977,10231,16233
708469915515297792,830,3146
708479650088034305,685,2597
708711088997666817,731,2580
708738143638450176,829,2787
708810915978854401,7020,16721
708834316713893888,507,1711
708845821941387268,909,3041
708853462201716736,663,1819
709042156699303936,1659,4816
709158332880297985,421,2069
709179584944730112,675,2036
709198395643068416,651,2463
709207347839836162,5899,12772
709225125749587968,580,2445
709409458133323776,693,2662
709449600415961088,584,2269
709519240576036864,240,1515
709556954897764353,1089,3348
709566166965075968,1220,3599
709852847387627521,1212,3571
709901256215666688,100,679
709918798883774466,1080,3038
710117014656950272,2013,5578
710140971284037632,893,2803
710153181850935296,902,2951
710269109699739648,1136,2427
710272297844797440,1265,4605
710283270106132480,522,2179
710296729921429505,749,2410
710588934686908417,1898,4613
710609963652087808,2410,4858
710658690886586372,571,2349
710833117892898816,541,2730
710844581445812225,699,2585
710997087345876993,1399,4635
711008018775851008,619,3037
711306686208872448,744,3365
711363825979756544,1155,3716
711652651650457602,927,3914
711694788429553666,18615,33305
711732680602345472,4173,8991
711743778164514816,997,2892
711968124745228288,2342,8182
711998809858043904,126,0
712065007010385924,638,2298
712085617388212225,491,3311
712092745624633345,901,2979
712097430750289920,1050,3840
712309440758808576,25,246
712438159032893441,1584,5403
712668654853337088,1229,4230
712717840512598017,5063,12517
712809025985978368,6795,18796
713175907180089344,1487,4527
713177543487135744,2870,7327
713411074226274305,1312,4491
713761197720473600,1396,4944
713900603437621249,751,2876
713909862279876608,544,1939
713919462244790272,795,3341
714141408463036416,1421,4366
714214115368108032,887,2303
714251586676113411,843,3324
714258258790387713,726,3069
714485234495041536,1153,2728
714606013974974464,940,3678
714631576617938945,1012,3317
714957620017307648,1422,4185
714962719905021952,4329,7449
714982300363173890,1049,3794
715009755312439296,1254,4222
715200624753819648,1911,5211
715220193576927233,661,2451
715342466308784130,695,3080
715360349751484417,1591,5545
715680795826982913,1639,4371
715696743237730304,1306,3959
715704790270025728,569,2846
715733265223708672,1709,4727
715758151270801409,1448,3778
715928423106027520,891,3235
716080869887381504,1938,6830
716285507865542656,1080,2809
716439118184652801,214,2404
716447146686459905,5955,13241
716730379797970944,433,1254
716791146589110272,1556,7423
716802964044845056,1187,4343
717009362452090881,982,3295
717047459982213120,1954,6372
717421804990701568,856,3196
717428917016076293,453,1634
717537687239008257,1870,5845
717790033953034240,1130,2921
717841801130979328,608,2499
718234618122661888,1012,3929
718246886998687744,508,1958
718454725339934721,1521,4927
718460005985447936,528,2742
718540630683709445,1027,2510
718613305783398402,490,2467
718631497683582976,8152,19091
718939241951195136,1784,5312
718971898235854848,1091,3533
719332531645071360,966,3469
719339463458033665,1253,4476
719367763014393856,750,2836
719551379208073216,1941,5135
719704490224398336,1460,4608
719991154352222208,1762,4896
720043174954147842,2032,4970
720059472081784833,1130,3922
720340705894408192,986,2914
720389942216527872,2545,6471
720415127506415616,1517,4189
720775346191278080,676,2513
720785406564900865,778,3154
721001180231503872,621,2565
721503162398597120,1884,4693
722613351520608256,1653,5038
722974582966214656,1578,4156
723179728551723008,1884,5349
723673163800948736,902,3052
723688335806480385,2986,7777
723912936180330496,1253,3960
724004602748780546,1581,4232
724046343203856385,570,2697
724049859469295616,1801,4379
724405726123311104,1667,5341
724771698126512129,648,2395
724983749226668032,1332,3765
725458796924002305,625,1431
725729321944506368,1817,5266
725786712245440512,1386,4223
725842289046749185,2707,7154
726224900189511680,1160,4475
726828223124897792,1016,3606
726887082820554753,1538,3887
726935089318363137,2493,6999
727155742655025152,1350,3676
727175381690781696,1406,3948
727286334147182592,821,3084
727314416056803329,756,3378
727524757080539137,1244,4533
727644517743104000,1766,5971
727685679342333952,646,3000
728015554473250816,1123,4160
728035342121635841,1688,4630
728046963732717569,1207,4370
728387165835677696,975,3739
728409960103686147,2034,4987
728653952833728512,1049,3357
728751179681943552,687,2816
728760639972315136,1732,4740
728986383096946689,829,3188
729113531270991872,329,1906
729463711119904772,2351,5877
729823566028484608,1264,4041
729838605770891264,389,1741
729854734790754305,1148,4105
730196704625098752,1939,4932
730211855403241472,1065,3883
730427201120833536,1059,3534
730573383004487680,2159,4989
730924654643314689,2009,6238
731156023742988288,1286,3896
731285275100512256,1001,3537
732005617171337216,5500,15123
732375214819057664,2552,8200
732585889486888962,786,3727
732726085725589504,902,3596
732732193018155009,545,2474
733109485275860992,17135,50966
733460102733135873,1302,4264
733482008106668032,962,3186
733822306246479872,1031,3733
733828123016450049,794,3622
734559631394082816,401,1507
734776360183431168,552,2547
734787690684657664,6373,12746
734912297295085568,528,2788
735137028879360001,987,3169
735256018284875776,893,3391
735274964362878976,5120,13196
735635087207878657,2376,6263
735648611367784448,1123,4078
735991953473572864,1169,3652
736010884653420544,3041,8010
736225175608430592,2828,8247
736365877722001409,1269,4045
736392552031657984,7522,17973
736736130620620800,1763,4356
737310737551491075,7521,14916
737322739594330112,821,3663
737445876994609152,4538,10437
737678689543020544,1349,5123
737800304142471168,3520,10152
737826014890496000,1794,5359
738156290900254721,655,2552
738166403467907072,3431,8920
738184450748633089,1232,4387
738402415918125056,854,3296
738537504001953792,1571,5179
738883359779196928,804,3364
738885046782832640,1161,3829
738891149612572673,6,112
739238157791694849,58971,117739
739485634323156992,2982,7272
739544079319588864,21688,40266
739606147276148736,1678,5450
739623569819336705,1379,3841
739844404073074688,867,3876
739932936087216128,1095,4119
739979191639244800,6020,20295
740214038584557568,1999,6794
740359016048689152,876,3346
740365076218183684,439,2501
740373189193256964,13529,35534
740676976021798912,6932,18472
740699697422163968,796,2894
740711788199743490,951,3471
740995100998766593,2796,6490
741067306818797568,3158,9650
741099773336379392,5617,10178
741303864243200000,3279,8942
741438259667034112,848,3742
741743634094141440,2810,8316
741793263812808706,1538,4629
742150209887731712,1575,5229
742161199639494656,1407,4425
742385895052087300,2012,6920
742423170473463808,3844,9993
742465774154047488,3963,7389
742528092657332225,2017,4512
742534281772302336,3634,7194
743210557239623680,1395,3911
743222593470234624,1935,6322
743253157753532416,1251,4304
743510151680958465,3786,8060
743545585370791937,959,3597
743595368194129920,6683,18771
743609206067040256,1400,4566
743835915802583040,2122,0
743895849529389061,977,3706
743980027717509120,1116,4247
744223424764059648,374,1705
744234799360020481,79567,159459
744334592493166593,2164,6918
744709971296780288,1598,5719
744971049620602880,2743,8035
744995568523612160,633,3024
745057283344719872,2311,7378
745074613265149952,3590,7996
745314880350101504,2813,7321
745422732645535745,2485,8763
745433870967832576,2592,7219
745712589599014916,2378,7133
745789745784041472,1087,4097
746056683365994496,822,3618
746131877086527488,2249,7047
746369468511756288,1666,6301
746507379341139972,1096,4744
746521445350707200,1002,0
746542875601690625,1911,5138
746726898085036033,1832,6174
746757706116112384,3980,9759
746790600704425984,1630,4965
746818907684614144,1769,5411
746872823977771008,2172,6095
746906459439529985,305,2949
747103485104099331,4059,9772
747204161125646336,937,3453
747219827526344708,1610,5387
747242308580548608,2949,0
747439450712596480,1954,5543
747461612269887489,1060,3951
747512671126323200,1636,5655
747594051852075008,1070,3764
747600769478692864,561,2369
747648653817413632,5976,13185
747651430853525504,158,1417
747816857231626240,1188,4948
747844099428986880,766,2870
747885874273214464,1000,3013
747933425676525569,2603,6760
747963614829678593,2191,5881
748220828303695873,7975,14460
748307329658011649,722,3745
748324050481647620,777,3762
748337862848962560,4189,7823
748346686624440324,1257,5330
748568946752774144,679,2239
748575535303884801,2024,6205
748692773788876800,1354,4330
748699167502000129,1634,4845
748705597323898880,970,2832
748932637671223296,2307,5958
748977405889503236,3472,10991
749036806121881602,807,3174
749064354620928000,1552,4896
749075273010798592,2118,5877
749317047558017024,2271,5609
749395845976588288,3524,8787
749403093750648834,547,2684
749417653287129088,1683,6240
749774190421639168,1350,4762
749981277374128128,2510,5227
749996283729883136,838,3134
750011400160841729,927,3316
750026558547456000,806,2777
750041628174217216,635,3250
750056684286914561,918,3226
750071704093859840,3417,8041
750086836815486976,550,2218
750101899009982464,863,3117
750117059602808832,1343,4438
750132105863102464,1326,3711
750147208377409536,983,3185
750381685133418496,29,720
750383411068534784,1179,4664
750429297815552001,4388,13482
750506206503038976,1172,4545
750719632563142656,5166,13501
750868782890057730,1407,4896
751132876104687617,1331,5189
751205363882532864,1869,6470
751251247299190784,6026,12810
751456908746354688,1023,3291
751538714308972544,1299,5163
751583847268179968,1131,4511
751598357617971201,3110,8106
751793661361422336,2968,5984
751830394383790080,1999,5941
751937170840121344,1367,5321
751950017322246144,950,3145
752173152931807232,1879,6084
752309394570878976,16790,0
752334515931054080,1130,3905
752519690950500352,3522,7536
752568224206688256,2345,5657
752660715232722944,1602,4500
752682090207055872,1633,6138
752701944171524096,2947,0
752917284578922496,1622,7079
752932432744185856,7026,12954
753026973505581056,993,4013
753039830821511168,21475,38019
753294487569522689,1070,3457
753298634498793472,5859,0
753375668877008896,2393,7836
753398408988139520,1965,5920
753420520834629632,3662,8118
753655901052166144,2220,5979
754120377874386944,2418,8061
754449512966619136,746,3848
754482103782404096,2005,5444
754747087846248448,539,2649
754856583969079297,2595,7053
754874841593970688,8148,0
755110668769038337,11385,21776
755206590534418437,5485,16871
755955933503782912,2958,7513
756275833623502848,1568,6595
756288534030475264,17925,43895
756303284449767430,1123,4049
756526248105566208,3685,10669
756651752796094464,1346,5195
756939218950160384,2064,6809
756998049151549440,2036,6448
757354760399941633,1463,4644
757393109802180609,1788,5972
757400162377592832,7043,15525
757596066325864448,1080,4452
757597904299253760,305,0
757611664640446465,1136,4685
757725642876129280,1243,4659
757729163776290825,8225,0
757741869644341248,3344,7054
758041019896193024,384,2775
758099635764359168,10306,19642
758355060040593408,1109,3506
758405701903519748,1964,5332
758467244762497024,2284,4924
758474966123810816,1027,3913
758740312047005698,1653,5878
758828659922702336,3954,11486
758854675097526272,922,3645
759047813560868866,2091,6668
759099523532779520,4293,14895
759159934323924993,1200,0
759197388317847553,2001,6234
759446261539934208,500,1719
759447681597108224,2513,8733
759557299618865152,1217,4830
759566828574212096,21688,0
759793422261743616,1956,6128
759846353224826880,2032,6898
759923798737051648,5832,15070
759943073749200896,2142,6103
760153949710192640,31,0
760190180481531904,1859,5854
760252756032651264,897,4050
760290219849637889,11850,27545
760521673607086080,1435,4346
760539183865880579,3728,7799
760641137271070720,1328,5098
760656994973933572,1966,6788
760893934457552897,1004,3915
761004547850530816,3577,11627
761227390836215808,1611,5451
761292947749015552,1119,4601
761334018830917632,1497,5344
761371037149827077,18615,0
761599872357261312,1218,4245
761672994376806400,29947,50875
761745352076779520,882,4386
761750502866649088,4035,0
761976711479193600,2070,5550
762035686371364864,16036,32838
762316489655476224,1150,4943
762464539388485633,4309,10605
762471784394268675,6646,11573
762699858130116608,3736,12503
763103485927849985,2354,7573
763167063695355904,3118,0
763183847194451968,1519,5536
763837565564780549,4279,12947
763956972077010945,56,773
764259802650378240,1553,6208
764857477905154048,1827,6635
765222098633691136,3499,11966
765371061932261376,2228,7295
765395769549590528,3489,27284
765669560888528897,1259,5346
765719909049503744,2214,7468
766008592277377025,514,3858
766069199026450432,884,4374
766078092750233600,2707,0
766313316352462849,1941,6990
766423258543644672,1645,6190
766693177336135680,819,4142
766714921925144576,389,2678
766793450729734144,1394,5222
766864461642756096,5832,0
767122157629476866,2941,10456
767191397493538821,3899,12652
767500508068192258,2408,7708
767754930266464257,5551,16493
767884188863397888,1434,4900
768193404517830656,3671,11225
768473857036525572,3541,14055
768554158521745409,6020,0
768596291618299904,1328,5199
768609597686943744,1245,4242
768855141948723200,916,4326
768909767477751808,2773,0
768970937022709760,6731,14847
769212283578875904,1770,5563
769335591808995329,7979,0
769695466921623552,1715,6601
769940425801170949,9890,32352
770069151037685760,2371,7810
770093767776997377,3158,0
770293558247038976,1529,6444
770414278348247044,2158,6510
770655142660169732,1809,7548
770772759874076672,1462,5339
770787852854652928,1241,5088
771004394259247104,224,0
771014301343748096,1705,7098
771102124360998913,1483,6439
771136648247640064,3025,9445
771171053431250945,7769,0
771380798096281600,5267,10825
771500966810099713,2694,8521
771770456517009408,3511,12381
771908950375665664,1971,6792
772102971039580160,961,4132
772114945936949249,481,2804
772117678702071809,764,3897
772152991789019136,1165,3925
772193107915964416,1441,6241
772581559778025472,1744,6709
772615324260794368,3499,0
772826264096874500,2429,8305
772877495989305348,4012,8843
773191612633579521,4284,10321
773247561583001600,3351,9737
773308824254029826,7736,24023
773336787167145985,5267,0
773547596996571136,6384,22828
773670353721753600,1348,5512
773704687002451968,1683,6833
773922284943896577,1807,6603
773985732834758656,4017,11073
774314403806253056,5724,22477
774639387460112384,1784,6950
774757898236878852,1846,8871
775085132600442880,4893,16063
775350846108426240,4045,10513
775364825476165632,3083,7656
775729183532220416,4746,13378
775733305207554048,4134,14306
775842724423557120,2761,12103
775898661951791106,17135,0
776088319444877312,158,1900
776113305656188928,4512,12148
776201521193218049,2610,9941
776218204058357768,16481,30963
776249906839351296,9479,0
776477788987613185,2877,9138
776813020089548800,1259,5049
776819012571455488,14213,0
777189768882946048,4452,14769
777621514455814149,2588,9065
777641927919427584,4388,0
777684233540206592,3040,11603
777885040357281792,1690,6583
777953400541634568,3671,0
778027034220126208,1679,6776
778039087836069888,2737,8781
778286810187399168,3416,10760
778383385161035776,1141,6052
778396591732486144,12690,0
778408200802557953,4505,14110
778624900596654080,1051,4791
778650543019483137,1570,5967
778748913645780993,1362,7136
778764940568104960,380,895
778774459159379968,10306,0
778990705243029504,7497,20727
779056095788752897,4698,15296
779124354206535695,19069,0
779377524342161408,3222,9128
779834332596887552,7344,19611
780074436359819264,5163,12663
780092040432480260,2393,0
780192070812196864,2323,9017
780459368902959104,1115,5478
780476555013349377,119,0
780496263422808064,3844,0
780543529827336192,1802,6528
780601303617732608,3472,12539
780800785462489090,1357,5688
780858289093574656,2088,7445
780931614150983680,7628,22403
781163403222056960,2840,10141
781251288990355457,2165,8732
781308096455073793,2651,7399
781524693396357120,5779,21493
781655249211752448,1167,4139
781661882474196992,2820,10828
781955203444699136,3501,11521
782021823840026624,6458,0
782305867769217024,5799,17274
782598640137187329,1951,8080
782722598790725632,5607,17899
782747134529531904,1460,7761
782969140009107456,7668,25013
783085703974514689,2302,8453
783334639985389568,12174,30238
783347506784731136,5805,0
783391753726550016,5726,17505
783466772167098368,2335,8767
783695101801398276,3344,10843
783821107061198850,2042,7634
783839966405230592,11230,31166
784057939640352768,11579,30938
784183165795655680,8402,20867
784431430411685888,1334,5917
784517518371221505,2641,9312
784826020293709826,3369,10508
785170936622350336,5043,12514
785264754247995392,1701,7527
785515384317313025,1317,6343
785533386513321988,2077,9462
785639753186217984,2316,8131
785872687017132033,1906,6953
785927819176054784,3308,11837
786036967502913536,7344,0
786051337297522688,159,1488
786233965241827333,4970,15849
786286427768250368,2975,8278
786363235746385920,3665,11324
786595970293370880,3251,9784
786664955043049472,2660,11055
786709082849828864,6368,18929
786729988674449408,2513,0
786963064373534720,8308,27625
787111942498508800,7026,0
787322443945877504,1819,8108
787397959788929025,2962,11295
787717603741622272,2907,10649
787810552592695296,3198,9007
788039637453406209,1379,6386
788070120937619456,3577,0
788150585577050112,1349,6370
788178268662984705,2187,7518
788412144018661376,5496,16179
788552643979468800,7522,0
788765914992902144,10789,28485
788908386943430656,13002,28488
789137962068021249,2924,10098
789268448748703744,2710,9478
789280767834746880,5166,0
789314372632018944,2384,8982
789530877013393408,3521,12228
789599242079838210,2010,7036
789628658055020548,1859,7814
789903600034189313,4309,10807
789960241177853952,4309,0
789986466051088384,2419,9625
790227638568808452,3736,0
790277117346975746,3314,13065
790337589677002753,1959,8148
790581949425475584,7501,21501
790698755171364864,2011,8546
790723298204217344,2419,0
790946055508652032,4900,17332
790987426131050500,2226,10261
791026214425268224,4279,0
791312159183634433,2649,9145
791406955684368384,4311,13663
791672322847637504,3271,12227
791774931465953280,23223,46960
791780927877898241,3980,0
791784077045166082,10046,0
791821351946420224,22017,0
792050063153438720,1881,7467
792394556390137856,4490,13997
792773781206999040,1756,7654
792883833364439040,4469,11774
792913359805018113,4157,14925
793120401413079041,4086,13210
793135492858580992,2596,6719
793150605191548928,1776,6433
793165685325201412,2913,9804
793180763617361921,2096,7219
793195938047070209,5889,15903
793210959003287553,2921,9290
793226087023144960,3005,10230
793241302385262592,3433,10938
793256262322548741,8739,20794
793271401113350145,2494,9042
793286476301799424,9606,25597
793500921481273345,2484,11118
793601777308463104,1696,8308
793614319594401792,3271,0
793845145112371200,1958,9603
793962221541933056,5120,17501
794205286408003585,3472,9591
794332329137291264,2781,9971
794355576146903043,10789,0
794926597468000259,2413,10694
794983741416415232,3521,0
795076730285391872,5673,16888
795400264262053889,3020,10500
795464331001561088,24802,51754
796031486298386433,3878,11268
796080075804475393,2418,8805
796116448414461957,2522,9499
796125600683540480,1882,5161
796149749086875649,14959,33626
796177847564038144,14959,0
796387464403357696,4344,11460
796484825502875648,1841,7889
796563435802726400,7628,0
796759840936919040,3194,12347
796865951799083009,2004,7996
796904159865868288,9331,0
797165961484890113,28,233
797236660651966464,6915,20781
797545162159308800,5096,15135
797971864723324932,3259,12097
798209839306514432,2679,10827
798340744599797760,3511,0
798576900688019456,6096,0
798585098161549313,5977,0
798628517273620480,2060,0
798644042770751489,1944,0
798665375516884993,4082,0
798673117451325440,5802,0
798682547630837760,4930,0
798686750113755136,2432,0
798694562394996736,5201,0
798697898615730177,6795,0
798701998996647937,8152,0
798705661114773508,6932,0
798925684722855936,1494,7776
798933969379225600,4690,13650
799063482566066176,2583,8405
799297110730567681,2882,10292
799308762079035393,5724,0
799422933579902976,2014,8386
799757965289017345,2260,8744
799774291445383169,4893,0
800018252395122689,13781,29547
800141422401830912,2665,15924
800188575492947969,4136,0
800388270626521089,2932,11611
800443802682937345,4512,0
800459316964663297,2261,9880
800513324630806528,3131,13660
800751577355128832,2911,10966
800855607700029440,1687,0
800859414831898624,98,715
801115127852503040,2198,8413
801127390143516673,4134,0
801167903437357056,6196,25481
801285448605831168,860,6301
801538201127157760,2161,8529
801854953262350336,249,1844
801958328846974976,1782,8040
802185808107208704,280,0
802239329049477120,2725,9436
802265048156610565,1429,7022
802323869084381190,6100,16858
802572683846291456,2622,9307
802600418706604034,1538,7392
802624713319034886,3040,0
802952499103731712,2095,9386
803276597545603072,2573,10440
803321560782307329,5551,0
803380650405482500,1945,8082
803638050916102144,4321,11392
803692223237865472,7765,0
803773340896923648,2876,10453
804026241225523202,16887,46376
804413760345620481,3369,0
804475857670639616,2101,6376
804738756058218496,4015,14247
805207613751304193,1790,8120
805487436403003392,2638,9138
805520635690676224,1724,5979
805823200554876929,8402,0
805826884734976000,1910,6825
805932879469572096,2003,8609
805958939288408065,5607,0
806219024703037440,1239,6685
806242860592926720,12174,0
806542213899489280,2465,10638
806576416489959424,2033,5072
806620845233815552,5779,0
806629075125202948,36277,77788
807010152071229440,4026,13583
807059379405148160,7668,0
807106840509214720,58050,123149
807621403335917568,3809,15162
808001312164028416,3690,13056
808106460588765185,2306,9130
808134635716833280,6196,0
808344865868283904,21792,44252
808501579447930884,2721,11742
808733504066486276,2269,8240
808838249661788160,3183,10508
809084759137812480,3689,13750
809220051211603969,5877,20701
809448704142938112,1528,7221
809808892968534016,5120,0
809920764300447744,4101,16095
810254108431155201,3512,15262
810284430598270976,11856,36687
810657578271330305,2776,11411
810896069567610880,1847,9380
810984652412424192,1504,5551
811386762094317568,6665,21714
811627233043480576,3229,13255
811647686436880384,776,5817
811744202451197953,1666,7839
811985624773361665,1465,7547
812372279581671427,3829,14220
812466873996607488,2011,8269
812503143955202048,1277,6301
812709060537683968,1489,6875
812781120811126785,1996,7882
813051746834595840,7675,21746
813066809284972545,2033,8263
813081950185472002,2882,10243
813096984823349248,3776,10927
813112105746448384,2871,10714
813127251579564032,3263,12311
813130366689148928,468,4640
813142292504645637,2475,8790
813157409116065792,2307,8057
813172488309972993,2003,9634
813187593374461952,4555,20600
813202720496779264,1877,9560
813217897535406080,7611,19372
813800681631023104,1835,8643
813812741911748608,14570,37747
813910438903693312,1948,9648
813944609378369540,3314,0
814153002265309185,9043,29844
814530161257443328,1932,8963
814578408554463233,6076,0
814638523311648768,2816,11684
814986499976527872,1334,7928
815390420867969024,3965,10737
815639385530101762,1717,8516
815736392542261248,2355,10193
815745968457060357,4311,0
815966073409433600,8816,23214
815990720817401858,1070,5145
816014286006976512,5500,0
816062466425819140,1070,0
816091915477250048,2229,9245
816336735214911488,2029,8911
816450570814898180,8439,31618
816697700272001025,2281,10137
816816676327063552,2126,10374
816829038950027264,4900,0
817056546584727552,1712,8878
817120970343411712,2709,12632
817171292965273600,2105,9052
817181837579653120,8816,0
817415592588222464,996,5803
817423860136083457,15384,35144
817502432452313088,3525,0
817536400337801217,3105,12200
817777686764523521,2808,11097
817827839487737858,28141,53538
817908911860748288,831,5024
818145370475810820,2676,12705
818259473185828864,2374,11394
818307523543449600,8439,0
818536468981415936,2566,11290
818588835076603904,6384,0
818614493328580609,2674,10188
818627210458333184,7825,23152
818646164899774465,21792,0
819004803107983360,38248,89798
819006400881917954,19659,46758
819015331746349057,19659,0
819015337530290176,38248,0
819227688460238848,6987,23846
819238181065359361,419,2360
819347104292290561,1246,7453
819588359383371776,2057,9935
819711362133872643,3230,13874
819924195358416896,5047,13316
819952236453363712,1228,5505
820013781606658049,1228,0
820078625395449857,6508,20453
820314633777061888,585,3452
820446719150292993,2665,0
820494788566847489,585,0
820690176645140481,3352,12600
820749716845686786,10268,32549
820837357901512704,6987,0
821044531881721856,2364,13039
821107785811234820,2215,9894
821149554670182400,2073,8952
821153421864615936,10,263
821407182352777218,4505,12168
821421320206483457,5799,0
821522889702862852,1831,8274
821765923262631936,1713,8688
821813639212650496,3472,0
821886076407029760,2400,11687
822163064745328640,4970,0
822244816520155136,10245,36099
822462944365645825,14922,29065
822489057087389700,6637,18725
822610361945911296,3052,15246
822647212903690241,6637,0
822859134160621569,2374,13660
822872901745569793,44882,135919
822975315408461824,3565,17810
823269594223824897,10245,0
823322678127919110,4169,16211
823333489516937216,25,719
823581115634085888,2720,13417
823699002998870016,2605,14360
823719002937630720,11580,0
823939628516474880,2801,10934
824025158776213504,615,4948
824297048279236611,3995,15521
824325613288833024,10838,12148
824663926340194305,1799,10380
824775126675836928,3635,15364
824796380199809024,5673,0
825026590719483904,1309,6505
825120256414846976,1309,0
825147591692263424,4688,18824
825535076884762624,17852,53701
825829644528148480,2569,13075
825876512159186944,1936,10737
826115272272650244,3231,16078
826204788643753985,960,5007
826240494070030336,2686,13638
826476773533745153,4339,18933
826598365270007810,2420,10327
826598799820865537,263,5251
826615380357632002,4101,0
826848821049180160,10504,37418
826958653328592898,5177,22154
827199976799354881,2307,10856
827324948884643840,3150,16275
827600520311402496,970,7621
827653905312006145,3095,15887
827933404142436356,5404,20641
828011680017821696,2213,10632
828046555563323392,2950,12074
828361771580813312,176,2258
828372645993398273,3031,12876
828376505180889089,1103,7578
828381636999917570,2278,12942
828408677031882754,1328,7881
828409743546925057,1196,6497
828650029636317184,1394,9763
828708714936930305,11542,37523
828770345708580865,6038,26235
828801551087042563,3512,0
829011960981237760,16776,54438
829141528400556032,7581,25073
829449946868879360,2088,10733
829501995190984704,10925,32539
829861396166877184,2010,12525
829878982036299777,5177,0
830097400375152640,3045,10082
830173239259324417,5877,0
830583320585068544,17262,68494
830956169170665475,1532,8159
831262627380748289,2100,12192
831309418084069378,2520,12025
831315979191906304,1151,6694
831322785565769729,1589,9469
831552930092285952,2366,9199
831650051525054464,1988,7337
831670449226514432,1864,10698
831911600680497154,6683,28296
831926988323639298,34,349
831939777352105988,6292,24550
832032802820481025,4784,18286
832040443403784192,9890,0
832088576586297345,2,64
832215726631055365,9606,0
832215909146226688,6368,0
832273440279240704,2396,11585
832369877331693569,3273,17570
832397543355072512,2269,12207
832636094638288896,2861,16209
832645525019123713,539,2995
832682457690300417,2990,12139
832757312314028032,3708,17211
832769181346996225,39,0
832998151111966721,2260,13580
833124694597443584,4950,20612
833479644947025920,2097,15183
833722901757046785,3299,21210
833732339549220864,221,0
833826103416520705,3853,18408
833863086058651648,2455,13680
834086379323871233,2254,13345
834089966724603904,2178,10258
834167344700198914,3737,16130
834209720923721728,4871,21059
834458053273591808,1718,9836
834477809192075265,10925,0
834574053763584002,2595,13959
834786237630337024,5607,21729
834931633769889797,1686,11051
835152434251116546,3087,22916
835172783151792128,5886,26707
835246439529840640,73,2147
835264098648616962,1735,7880
835297930240217089,3076,16793
835309094223372289,21475,0
835536468978302976,1735,0
835574547218894849,3685,18150
835685285446955009,8308,0
836001077879255040,4349,19475
836260088725786625,4388,21723
836380477523124226,3041,15050
836397794269200385,28141,0
836648853927522308,561,0
836677758902222849,2267,12854
836753516572119041,4735,19672
836989968035819520,2330,12986
837110210464448512,2420,16353
837471256429613056,2319,13040
837482249356513284,448,3907
837820167694528512,8023,34774
838083903487373313,3208,17939
838085839343206401,1,143
838150277551247360,337,1698
838201503651401729,10268,0
838476387338051585,4868,22969
838561493054533637,1357,11105
838831947270979586,11230,0
838916489579200512,35,0
838921590096166913,2095,11344
838952994649550848,4065,19960
839239871831150596,6641,27645
839290600511926273,146,0
839549326359670784,7897,27942
839990271299457024,2317,13631
840268004936019968,5824,19580
840370681858686976,4618,16698
840632337062862849,1790,9125
840696689258311684,990,12462
840698636975636481,2,178
840728873075638272,16405,0
840761248237133825,1790,0
841077006473256960,5395,23194
841314665196081154,4736,16055
841320156043304961,5567,20072
841439858740625411,3742,12831
841680585030541313,7904,26061
841833993020538882,15384,0
842115215311396866,3072,14186
842163532590374912,5864,24789
842535590457499648,3552,18328
842765311967449089,1300,6841
842846295480000512,3677,15441
843235543001513987,6096,21792
843604394117681152,2772,17103
843856843873095681,4670,21706
843981021012017153,2977,15332
844223788422217728,2223,13799
844580511645339650,3162,16658
844973813909606400,3233,15266
844979544864018432,2586,13783
845098359547420673,7736,0
845306882940190720,5440,23574
845397057150107648,1820,7704
845677943972139009,4832,25414
845812042753855489,8774,29530
846042936437604353,2892,16142
846139713627017216,10066,31287
846153765933735936,9113,31944
846505985330044928,3082,14215
846514051647705089,11647,45015
846874817362120707,3944,20266
847116187444137987,3197,21596
847157206088847362,5897,20050
847251039262605312,4318,20625
847606175596138505,3432,18896
847617282490613760,418,7039
847842811428974592,1338,5486
847962785489326080,5113,23665
847971574464610304,432,0
847978865427394560,3273,0
848212111729840128,3061,16425
848213670039564288,736,8233
848324959059550208,4608,24877
848690551926992896,4334,25309
849051919805034497,8490,42550
849336543269576704,1904,11445
849412302885593088,3163,15920
849668094696017920,4950,0
849776966551130114,7610,30580
850019790995546112,4872,20486
850145622816686080,3793,16377
850333567704068097,331,3465
850380195714523136,2614,13107
850753642995093505,9124,30911
851224888060895234,5708,20679
851464819735769094,7036,24244
851591660324737024,3461,16231
851861385021730816,19,0
852189679701164033,1573,11436
852226086759018497,6805,19959
852311364735569921,9865,33049
852553447878664193,3465,16261
852672615818899456,2132,14864
852912242202992640,1810,9020
852936405516943360,1988,0
853299958564483072,3519,15417
853639147608842240,9975,34582
853760880890318849,5683,28411
854010172552949760,3117,16094
854120357044912130,7412,31744
854365224396361728,4630,18741
854482394044301312,6792,29047
854732716440526848,5972,22592
855138241867124737,44,0
855245323840757760,5864,0
855459453768019968,8072,29548
855818117272018944,5327,26328
855851453814013952,17600,45050
855857698524602368,2076,11723
855860136149123072,972,4910
855862651834028034,25,339
856282028240666624,6163,27388
856288084350160898,15,506
856330835276025856,652,0
856526610513747968,1836,11691
856543823941562368,2821,16061
857029823797047296,3910,18609
857062103051644929,166,0
857214891891077121,17,222
857263160327368704,4402,19706
857393404942143489,1602,5794
857746408056729600,10347,33649
857989990357356544,2525,15834
858107933456039936,2835,15447
858471635011153920,4725,21104
858843525470990336,3401,15273
858860390427611136,7898,0
859074603037188101,13228,33221
859196978902773760,29223,88063
859607811541651456,1515,18217
859851578198683649,3395,15098
859924526012018688,3970,19154
860177593139703809,29947,0
860184849394610176,5654,16302
860276583193509888,3381,17954
860524505164394496,5134,23107
860563773140209665,2079,7338
860924035999428608,781,0
860981674716409858,2079,0
861005113778896900,3683,16307
861288531465048066,3994,16786
861383897657036800,10327,35225
862096992088072192,22333,72538
862457590147678208,4754,19963
862722525377298433,3408,16636
862831371563274240,4954,18677
863062471531167744,2332,8251
863079547188785154,1063,8542
863427515083354112,91,2169
863432100342583297,5040,23190
863471782782697472,2332,0
863553081350529029,4016,14874
863907417377173506,3959,20033
864197398364647424,8509,29220
864279568663928832,2893,14178
864873206498414592,8343,31349
865006731092295680,7357,27205
865359393868664832,4775,25704
865718153858494464,5373,24896
866094527597207552,8023,0
866334964761202691,13671,50888
866450705531457537,33675,118581
866686824827068416,3312,18681
866720684873056260,4580,19423
867051520902168576,7507,31196
867072653475098625,116,0
867421006826221569,2371,15596
867774946302451713,6997,32869
867900495410671616,3979,23430
868552278524837888,1973,9765
868622495443632128,5041,25819
868639477480148993,1973,0
868880397819494401,13706,63239
869227993411051520,3591,19725
869596645499047938,2981,15413
869702957897576449,5989,27238
869772420881756160,9560,40966
870063196459192321,7873,35262
870308999962521604,3927,21074
870374049280663552,25015,79837
870656317836468226,2494,11928
870726314365509632,3,117
870804317367881728,5860,32383
871032628920680449,3603,21855
871102520638267392,5200,20149
871166179821445120,5395,0
871515927908634625,3267,19388
871762521631449091,3280,19449
871879754684805121,10403,36272
872122724285648897,7637,33003
872486979161796608,8480,39081
872620804844003328,3435,19913
872820683541237760,3483,14133
872967104147763200,5093,26183
873213775632977920,1494,6887
873337748698140672,1494,0
873580283840344065,3691,23211
874012996292530176,9657,33000
874057562936811520,3718,21769
874296783580663808,3858,24938
874434818259525634,13671,0
874680097055178752,4342,26644
875021211251597312,4425,24388
875097192612077568,5687,26275
875144289856114688,4606,20977
875747767867523072,3983,24093
876120275196170240,4361,26730
876484053909872640,2223,17962
876537666061221889,4372,22573
876838120628539392,3111,19787
877201837425926144,5221,25921
877316821321428993,4846,26208
877556246731214848,3559,21722
877611172832227328,74,0
877736472329191424,17752,75966
878057613040115712,6344,40211
878281511006478336,1201,7378
878316110768087041,6229,0
878404777348136964,1201,0
878604707211726852,6661,28834
878776093423087618,3822,18513
879008229531029506,2504,18139
879050749262655488,4358,21539
879130579576475649,6344,0
879376492567855104,2920,16060
879415818425184262,41373,101122
879492040517615616,2971,22418
879674319642796034,10,300
879862464715927552,3251,21336
880095782870896641,4037,26391
880221127280381952,3902,25768
880465832366813184,5813,27235
880872448815771648,3563,20324
880935762899988482,2599,16264
881268444196462592,4891,22142
881536004380872706,14881,47187
881633300179243008,7,121
881666595344535552,9940,48358
881906580714921986,3169,23222
882045870035918850,4569,27993
882268110199369728,10795,42846
882627270321602560,5647,26680
882762694511734784,4558,27009
882992080364220416,3631,22812
883117836046086144,6182,35435
883360690899218434,3449,21647
883482846933004288,9220,43820
883838122936631299,3212,20859
884162670584377345,2777,19457
884247878851493888,18944,69543
884441805382717440,5289,25810
884562892145688576,4374,23190
884876753390489601,5204,26596
884925521741709313,16860,73735
885167619883638784,4076,20925
885311592912609280,17262,0
885518971528720385,3478,19535
885528943205470208,5956,34339
885984800019947520,6277,31111
886054160059072513,101,0
886258384151887873,5874,26682
886267009285017600,4,115
886366144734445568,2958,20186
886680336477933568,4152,21419
886736880519319552,3007,11469
886983233522544640,7141,33453
887101392804085760,5542,29187
887343217045368832,9732,32146
887473957103951883,16787,65724
887517139158093824,10931,44208
887705289381826560,5005,28841
888078434458587136,3221,20776
888554962724278272,3260,18882
888804989199671297,3962,24408
888917238123831296,4191,27786
889278841981685760,4975,24036
889531135344209921,2102,14439
889638837579907072,4185,25847
889665388333682689,9324,45869
889880896479866881,4643,26606
890006608113172480,6820,29301
890240255349198849,6834,30440
890609185150312448,3988,26601
890729181411237888,17566,62226
890971913173991426,1906,11261
891087950875897856,2891,19331
891327558926688256,8684,38415
891689557279858688,8027,40215
891815181378084864,3853,23926
892177421306343426,5834,31758
892420643555336193,7860,36902
